10COLM1R4	calmodulin	1
10COLM1R4	actin	1
10COLM1R4	rpb2	1
13COLM11R4	actin	1
13COLM11R4	rpb2	1
13COLM11R4	calmodulin	1
13COLM13R4	actin	1
13COLM13R4	rpb2	1
13COLM13R4	calmodulin	1
13ECUM1R4	rpb2	1
13ECUM1R4	actin	1
13ECUM1R4	calmodulin	1
18COLM1R3	rpb2	1
18COLM1R3	actin	1
18COLM1R3	calmodulin	1
18ECUM2R4	rpb2	1
18ECUM2R4	actin	1
18ECUM2R4	calmodulin	1
21COLM1R4	actin	1
21COLM1R4	rpb2	1
21COLM1R4	calmodulin	1
21ECUM2R3	rpb2	1
21ECUM2R3	actin	1
21ECUM2R3	calmodulin	1
232M2V2	calmodulin	1
232M2V2	rpb2	1
232M2V2	actin	1
253M2AV2	rpb2	1
253M2AV2	actin	1
253M2AV2	calmodulin	1
262M1AV2	actin	1
262M1AV2	rpb2	1
262M1AV2	calmodulin	1
263M2BV2	actin	1
263M2BV2	rpb2	1
263M2BV2	calmodulin	1
281M2AV2	actin	1
281M2AV2	rpb2	1
281M2AV2	calmodulin	1
286M2EV2	calmodulin	1
286M2EV2	actin	1
286M2EV2	rpb2	1
2C25M3V2	rpb2	1
2C25M3V2	actin	1
2C25M3V2	calmodulin	1
2U23M1AV2	actin	1
2U23M1AV2	rpb2	1
2U23M1AV2	calmodulin	1
30ECUM2R3	rpb2	1
30ECUM2R3	actin	1
30ECUM2R3	calmodulin	1
31ECUM1R3	rpb2	1
31ECUM1R3	actin	1
31ECUM1R3	calmodulin	1
32ECUM2R3	rpb2	1
32ECUM2R3	actin	1
32ECUM2R3	calmodulin	1
32PRYM1R3	actin	1
32PRYM1R3	rpb2	1
32PRYM1R3	calmodulin	1
32PRYM1R4	actin	1
32PRYM1R4	rpb2	1
32PRYM1R4	calmodulin	1
33COLM2R2	rpb2	1
33COLM2R2	actin	1
33COLM2R2	calmodulin	1
39ECUM1R2	actin	1
39ECUM1R2	rpb2	1
39ECUM1R2	calmodulin	1
3COLM2R3	calmodulin	1
3COLM2R3	actin	1
3COLM2R3	rpb2	1
45COLM1R4	rpb2	1
45COLM1R4	actin	1
45COLM1R4	calmodulin	1
4ECUM2R3	calmodulin	1
4ECUM2R3	actin	1
4ECUM2R3	rpb2	1
52PRYM1R1	rpb2	1
52PRYM1R1	actin	1
52PRYM1R1	calmodulin	1
53COLM11R4	calmodulin	1
53COLM11R4	actin	1
53COLM11R4	rpb2	1
54ECUM2R2	actin	1
54ECUM2R2	rpb2	1
54ECUM2R2	calmodulin	1
55COLM2R2	actin	1
55COLM2R2	rpb2	1
55COLM2R2	calmodulin	1
55ECUM1R1	rpb2	1
55ECUM1R1	actin	1
55ECUM1R1	calmodulin	1
55ECUM1R4	calmodulin	1
55ECUM1R4	rpb2	1
55ECUM1R4	actin	1
55ECUM1R4V2	calmodulin	1
55ECUM1R4V2	actin	1
55ECUM1R4V2	rpb2	1
55PRYM2R1	rpb2	1
55PRYM2R1	actin	1
55PRYM2R1	calmodulin	1
57COLM1R3	calmodulin	1
57COLM1R3	actin	1
57COLM1R3	rpb2	1
61COLM1R22	calmodulin	1
61COLM1R22	actin	1
61COLM1R22	rpb2	1
69ECUM1R1	calmodulin	1
69ECUM1R1	rpb2	1
69ECUM1R1	actin	1
70COLM1R21	calmodulin	1
70COLM1R21	rpb2	1
70COLM1R21	actin	1
75ECUM1R4	rpb2	1
75ECUM1R4	actin	1
75ECUM1R4	calmodulin	1
77COLM2R1	actin	1
77COLM2R1	rpb2	1
77COLM2R1	calmodulin	1
83ECUM2R3	calmodulin	1
83ECUM2R3	actin	1
83ECUM2R3	rpb2	1
85ECUM1R1	actin	1
85ECUM1R1	rpb2	1
85ECUM1R1	calmodulin	1
86ECUM1R4	calmodulin	1
86ECUM1R4	actin	1
86ECUM1R4	rpb2	1
86ECUM1R4V2	calmodulin	1
86ECUM1R4V2	rpb2	1
86ECUM1R4V2	actin	1
93ECUM2R1	calmodulin	1
93ECUM2R1	rpb2	1
93ECUM2R1	actin	1
97ECUM1R4	calmodulin	1
97ECUM1R4	rpb2	1
97ECUM1R4	actin	1
9COLM1R4	calmodulin	1
9COLM1R4	rpb2	1
9COLM1R4	actin	1
ASPFU1024	calmodulin	1
ASPFU1024	rpb2	1
ASPFU1024	actin	1
ASPFU1025	calmodulin	1
ASPFU1025	actin	1
ASPFU1025	rpb2	1
ASPFU1066	calmodulin	1
ASPFU1066	rpb2	1
ASPFU1066	actin	1
ASPFU1098	calmodulin	1
ASPFU1098	actin	1
ASPFU1098	rpb2	1
ASPFU1099	rpb2	1
ASPFU1099	actin	1
ASPFU1099	calmodulin	1
ASPFU1100	rpb2	1
ASPFU1100	actin	1
ASPFU1100	calmodulin	1
ASPFU1101	calmodulin	1
ASPFU1101	rpb2	1
ASPFU1101	actin	1
ASPFU1102	rpb2	1
ASPFU1102	actin	1
ASPFU1102	calmodulin	1
ASPFU14	actin	1
ASPFU14	rpb2	1
ASPFU14	calmodulin	1
ASPFU151	rpb2	1
ASPFU151	actin	1
ASPFU151	calmodulin	1
ASPFU152	calmodulin	1
ASPFU152	rpb2	1
ASPFU152	actin	1
ASPFU153	actin	1
ASPFU153	rpb2	1
ASPFU153	calmodulin	1
ASPFU154	calmodulin	1
ASPFU154	rpb2	1
ASPFU154	actin	1
ASPFU16	calmodulin	1
ASPFU16	rpb2	1
ASPFU16	actin	1
ASPFU18	rpb2	1
ASPFU18	actin	1
ASPFU18	calmodulin	1
ASPFU181	actin	1
ASPFU181	rpb2	1
ASPFU181	calmodulin	1
ASPFU182	calmodulin	1
ASPFU182	rpb2	1
ASPFU182	actin	1
ASPFU19	rpb2	1
ASPFU19	actin	1
ASPFU19	calmodulin	1
ASPFU20	rpb2	1
ASPFU20	actin	1
ASPFU20	calmodulin	1
ASPFU202	rpb2	1
ASPFU202	actin	1
ASPFU202	calmodulin	1
ASPFU204	calmodulin	1
ASPFU204	rpb2	1
ASPFU204	actin	1
ASPFU206	rpb2	1
ASPFU206	actin	1
ASPFU206	calmodulin	1
ASPFU228	actin	1
ASPFU228	rpb2	1
ASPFU228	calmodulin	1
ASPFU229	calmodulin	1
ASPFU229	rpb2	1
ASPFU229	actin	1
ASPFU29	calmodulin	1
ASPFU29	rpb2	1
ASPFU29	actin	1
ASPFU31	actin	1
ASPFU31	rpb2	1
ASPFU31	calmodulin	1
ASPFU321	rpb2	1
ASPFU321	actin	1
ASPFU321	calmodulin	1
ASPFU324	calmodulin	1
ASPFU324	actin	1
ASPFU324	rpb2	1
ASPFU33	actin	1
ASPFU33	rpb2	1
ASPFU33	calmodulin	1
ASPFU340	actin	1
ASPFU340	rpb2	1
ASPFU340	calmodulin	1
ASPFU341	actin	1
ASPFU341	rpb2	1
ASPFU341	calmodulin	1
ASPFU342	calmodulin	1
ASPFU342	rpb2	1
ASPFU342	actin	1
ASPFU343	calmodulin	1
ASPFU343	rpb2	1
ASPFU343	actin	1
ASPFU344	actin	1
ASPFU344	rpb2	1
ASPFU344	calmodulin	1
ASPFU36	actin	1
ASPFU36	rpb2	1
ASPFU36	calmodulin	1
ASPFU38	rpb2	1
ASPFU38	actin	1
ASPFU38	calmodulin	1
ASPFU40	calmodulin	1
ASPFU40	rpb2	1
ASPFU40	actin	1
ASPFU41	calmodulin	1
ASPFU41	rpb2	1
ASPFU41	actin	1
ASPFU42	actin	1
ASPFU42	rpb2	1
ASPFU42	calmodulin	1
ASPFU43	calmodulin	1
ASPFU43	actin	1
ASPFU43	rpb2	1
ASPFU44	calmodulin	1
ASPFU44	rpb2	1
ASPFU44	actin	1
ASPFU45	calmodulin	1
ASPFU45	actin	1
ASPFU45	rpb2	1
ASPFU47	rpb2	1
ASPFU47	actin	1
ASPFU47	calmodulin	1
ASPFU48	calmodulin	1
ASPFU48	actin	1
ASPFU48	rpb2	1
ASPFU49	actin	1
ASPFU49	rpb2	1
ASPFU49	calmodulin	1
ASPFU51	calmodulin	1
ASPFU51	rpb2	1
ASPFU51	actin	1
ASPFU52	rpb2	1
ASPFU52	actin	1
ASPFU52	calmodulin	1
ASPFU53	actin	1
ASPFU53	rpb2	1
ASPFU53	calmodulin	1
ASPFU54	rpb2	1
ASPFU54	actin	1
ASPFU54	calmodulin	1
ASPFU55	calmodulin	1
ASPFU55	rpb2	1
ASPFU55	actin	1
ASPFU56	rpb2	1
ASPFU56	actin	1
ASPFU56	calmodulin	1
ASPFU57	rpb2	1
ASPFU57	actin	1
ASPFU57	calmodulin	1
ASPFU59	rpb2	1
ASPFU59	actin	1
ASPFU59	calmodulin	1
ASPFU6	actin	1
ASPFU6	rpb2	1
ASPFU6	calmodulin	1
ASPFU60	actin	1
ASPFU60	rpb2	1
ASPFU60	calmodulin	1
ASPFU61	actin	1
ASPFU61	rpb2	1
ASPFU61	calmodulin	1
ASPFU63	rpb2	1
ASPFU63	actin	1
ASPFU63	calmodulin	1
ASPFU67	actin	1
ASPFU67	rpb2	1
ASPFU67	calmodulin	1
ASPFU69	calmodulin	1
ASPFU69	actin	1
ASPFU69	rpb2	1
ASPFU70	calmodulin	1
ASPFU70	actin	1
ASPFU70	rpb2	1
ASPFU71	actin	1
ASPFU71	rpb2	1
ASPFU71	calmodulin	1
ASPFU72	calmodulin	1
ASPFU72	rpb2	1
ASPFU72	actin	1
ASPFU75	calmodulin	1
ASPFU75	rpb2	1
ASPFU75	actin	1
ASPFU80	calmodulin	1
ASPFU80	rpb2	1
ASPFU80	actin	1
ASPFU81	calmodulin	1
ASPFU81	actin	1
ASPFU81	rpb2	1
ASPFU92	calmodulin	1
ASPFU92	rpb2	1
ASPFU92	actin	1
ASPFU94	actin	1
ASPFU94	rpb2	1
ASPFU94	calmodulin	1
ASPFU98	calmodulin	1
ASPFU98	actin	1
ASPFU98	rpb2	1
ASPFUUNAM1	actin	1
ASPFUUNAM1	rpb2	1
ASPFUUNAM1	calmodulin	1
ASPFUUNAM10	rpb2	1
ASPFUUNAM10	actin	1
ASPFUUNAM10	calmodulin	1
ASPFUUNAM100	actin	1
ASPFUUNAM100	rpb2	1
ASPFUUNAM100	calmodulin	1
ASPFUUNAM101	calmodulin	1
ASPFUUNAM101	actin	1
ASPFUUNAM101	rpb2	1
ASPFUUNAM102	actin	1
ASPFUUNAM102	rpb2	1
ASPFUUNAM102	calmodulin	1
ASPFUUNAM103	actin	1
ASPFUUNAM103	rpb2	1
ASPFUUNAM103	calmodulin	1
ASPFUUNAM104	calmodulin	1
ASPFUUNAM104	actin	1
ASPFUUNAM104	rpb2	1
ASPFUUNAM105	calmodulin	1
ASPFUUNAM105	rpb2	1
ASPFUUNAM105	actin	1
ASPFUUNAM106	actin	1
ASPFUUNAM106	rpb2	1
ASPFUUNAM106	calmodulin	1
ASPFUUNAM107	actin	1
ASPFUUNAM107	rpb2	1
ASPFUUNAM107	calmodulin	1
ASPFUUNAM108	rpb2	1
ASPFUUNAM108	actin	1
ASPFUUNAM108	calmodulin	1
ASPFUUNAM109	rpb2	1
ASPFUUNAM109	actin	1
ASPFUUNAM109	calmodulin	1
ASPFUUNAM11	rpb2	1
ASPFUUNAM11	actin	1
ASPFUUNAM11	calmodulin	1
ASPFUUNAM110	calmodulin	1
ASPFUUNAM110	rpb2	1
ASPFUUNAM110	actin	1
ASPFUUNAM111	calmodulin	1
ASPFUUNAM111	rpb2	1
ASPFUUNAM111	actin	1
ASPFUUNAM112	rpb2	1
ASPFUUNAM112	actin	1
ASPFUUNAM112	calmodulin	1
ASPFUUNAM114	calmodulin	1
ASPFUUNAM114	rpb2	1
ASPFUUNAM114	actin	1
ASPFUUNAM115	calmodulin	1
ASPFUUNAM115	actin	1
ASPFUUNAM115	rpb2	1
ASPFUUNAM116	calmodulin	1
ASPFUUNAM116	rpb2	1
ASPFUUNAM116	actin	1
ASPFUUNAM117	rpb2	1
ASPFUUNAM117	actin	1
ASPFUUNAM117	calmodulin	1
ASPFUUNAM118	calmodulin	1
ASPFUUNAM118	rpb2	1
ASPFUUNAM118	actin	1
ASPFUUNAM119	calmodulin	1
ASPFUUNAM119	actin	1
ASPFUUNAM119	rpb2	1
ASPFUUNAM12	calmodulin	1
ASPFUUNAM12	rpb2	1
ASPFUUNAM12	actin	1
ASPFUUNAM120	calmodulin	1
ASPFUUNAM120	rpb2	1
ASPFUUNAM120	actin	1
ASPFUUNAM121	rpb2	1
ASPFUUNAM121	actin	1
ASPFUUNAM121	calmodulin	1
ASPFUUNAM122	actin	1
ASPFUUNAM122	rpb2	1
ASPFUUNAM122	calmodulin	1
ASPFUUNAM123	actin	1
ASPFUUNAM123	rpb2	1
ASPFUUNAM123	calmodulin	1
ASPFUUNAM124	actin	1
ASPFUUNAM124	rpb2	1
ASPFUUNAM124	calmodulin	1
ASPFUUNAM125	rpb2	1
ASPFUUNAM125	actin	1
ASPFUUNAM125	calmodulin	1
ASPFUUNAM126	calmodulin	1
ASPFUUNAM126	actin	1
ASPFUUNAM126	rpb2	1
ASPFUUNAM127	actin	1
ASPFUUNAM127	rpb2	1
ASPFUUNAM127	calmodulin	1
ASPFUUNAM128	rpb2	1
ASPFUUNAM128	actin	1
ASPFUUNAM128	calmodulin	1
ASPFUUNAM129	rpb2	1
ASPFUUNAM129	actin	1
ASPFUUNAM129	calmodulin	1
ASPFUUNAM13	calmodulin	1
ASPFUUNAM13	actin	1
ASPFUUNAM13	rpb2	1
ASPFUUNAM130	rpb2	1
ASPFUUNAM130	actin	1
ASPFUUNAM130	calmodulin	1
ASPFUUNAM131	actin	1
ASPFUUNAM131	rpb2	1
ASPFUUNAM131	calmodulin	1
ASPFUUNAM132	actin	1
ASPFUUNAM132	rpb2	1
ASPFUUNAM132	calmodulin	1
ASPFUUNAM133	rpb2	1
ASPFUUNAM133	actin	1
ASPFUUNAM133	calmodulin	1
ASPFUUNAM134	calmodulin	1
ASPFUUNAM134	rpb2	1
ASPFUUNAM134	actin	1
ASPFUUNAM135	calmodulin	1
ASPFUUNAM135	rpb2	1
ASPFUUNAM135	actin	1
ASPFUUNAM136	rpb2	1
ASPFUUNAM136	actin	1
ASPFUUNAM136	calmodulin	1
ASPFUUNAM137	rpb2	1
ASPFUUNAM137	actin	1
ASPFUUNAM137	calmodulin	1
ASPFUUNAM138	rpb2	1
ASPFUUNAM138	actin	1
ASPFUUNAM138	calmodulin	1
ASPFUUNAM139	calmodulin	1
ASPFUUNAM139	rpb2	1
ASPFUUNAM139	actin	1
ASPFUUNAM14	calmodulin	1
ASPFUUNAM14	rpb2	1
ASPFUUNAM14	actin	1
ASPFUUNAM15	calmodulin	1
ASPFUUNAM15	rpb2	1
ASPFUUNAM15	actin	1
ASPFUUNAM16	rpb2	1
ASPFUUNAM16	actin	1
ASPFUUNAM16	calmodulin	1
ASPFUUNAM17	actin	1
ASPFUUNAM17	rpb2	1
ASPFUUNAM17	calmodulin	1
ASPFUUNAM18	rpb2	1
ASPFUUNAM18	actin	1
ASPFUUNAM18	calmodulin	1
ASPFUUNAM19	rpb2	1
ASPFUUNAM19	actin	1
ASPFUUNAM19	calmodulin	1
ASPFUUNAM2	actin	1
ASPFUUNAM2	rpb2	1
ASPFUUNAM2	calmodulin	1
ASPFUUNAM20	rpb2	1
ASPFUUNAM20	actin	1
ASPFUUNAM20	calmodulin	1
ASPFUUNAM21	calmodulin	1
ASPFUUNAM21	actin	1
ASPFUUNAM21	rpb2	1
ASPFUUNAM22	calmodulin	1
ASPFUUNAM22	actin	1
ASPFUUNAM22	rpb2	1
ASPFUUNAM23	calmodulin	1
ASPFUUNAM23	rpb2	1
ASPFUUNAM23	actin	1
ASPFUUNAM24	calmodulin	1
ASPFUUNAM24	rpb2	1
ASPFUUNAM24	actin	1
ASPFUUNAM25	actin	1
ASPFUUNAM25	rpb2	1
ASPFUUNAM25	calmodulin	1
ASPFUUNAM26	actin	1
ASPFUUNAM26	rpb2	1
ASPFUUNAM26	calmodulin	1
ASPFUUNAM27	actin	1
ASPFUUNAM27	rpb2	1
ASPFUUNAM27	calmodulin	1
ASPFUUNAM28	calmodulin	1
ASPFUUNAM28	actin	1
ASPFUUNAM28	rpb2	1
ASPFUUNAM29	calmodulin	1
ASPFUUNAM29	rpb2	1
ASPFUUNAM29	actin	1
ASPFUUNAM3	calmodulin	1
ASPFUUNAM3	rpb2	1
ASPFUUNAM3	actin	1
ASPFUUNAM30	calmodulin	1
ASPFUUNAM30	actin	1
ASPFUUNAM30	rpb2	1
ASPFUUNAM31	calmodulin	1
ASPFUUNAM31	rpb2	1
ASPFUUNAM31	actin	1
ASPFUUNAM32	actin	1
ASPFUUNAM32	rpb2	1
ASPFUUNAM32	calmodulin	1
ASPFUUNAM33	calmodulin	1
ASPFUUNAM33	rpb2	1
ASPFUUNAM33	actin	1
ASPFUUNAM34	calmodulin	1
ASPFUUNAM34	rpb2	1
ASPFUUNAM34	actin	1
ASPFUUNAM35	rpb2	1
ASPFUUNAM35	actin	1
ASPFUUNAM35	calmodulin	1
ASPFUUNAM36	calmodulin	1
ASPFUUNAM36	rpb2	1
ASPFUUNAM36	actin	1
ASPFUUNAM37	rpb2	1
ASPFUUNAM37	actin	1
ASPFUUNAM37	calmodulin	1
ASPFUUNAM38	calmodulin	1
ASPFUUNAM38	rpb2	1
ASPFUUNAM38	actin	1
ASPFUUNAM39	calmodulin	1
ASPFUUNAM39	rpb2	1
ASPFUUNAM39	actin	1
ASPFUUNAM4	calmodulin	1
ASPFUUNAM4	actin	1
ASPFUUNAM4	rpb2	1
ASPFUUNAM40	calmodulin	1
ASPFUUNAM40	actin	1
ASPFUUNAM40	rpb2	1
ASPFUUNAM41	calmodulin	1
ASPFUUNAM41	actin	1
ASPFUUNAM41	rpb2	1
ASPFUUNAM42	actin	1
ASPFUUNAM42	rpb2	1
ASPFUUNAM42	calmodulin	1
ASPFUUNAM43	actin	1
ASPFUUNAM43	rpb2	1
ASPFUUNAM43	calmodulin	1
ASPFUUNAM44	calmodulin	1
ASPFUUNAM44	actin	1
ASPFUUNAM44	rpb2	1
ASPFUUNAM45	calmodulin	1
ASPFUUNAM45	rpb2	1
ASPFUUNAM45	actin	1
ASPFUUNAM46	rpb2	1
ASPFUUNAM46	actin	1
ASPFUUNAM46	calmodulin	1
ASPFUUNAM47	calmodulin	1
ASPFUUNAM47	rpb2	1
ASPFUUNAM47	actin	1
ASPFUUNAM48	rpb2	1
ASPFUUNAM48	actin	1
ASPFUUNAM48	calmodulin	1
ASPFUUNAM49	rpb2	1
ASPFUUNAM49	actin	1
ASPFUUNAM49	calmodulin	1
ASPFUUNAM5	rpb2	1
ASPFUUNAM5	actin	1
ASPFUUNAM5	calmodulin	1
ASPFUUNAM50	rpb2	1
ASPFUUNAM50	actin	1
ASPFUUNAM50	calmodulin	1
ASPFUUNAM51	actin	1
ASPFUUNAM51	rpb2	1
ASPFUUNAM51	calmodulin	1
ASPFUUNAM52	rpb2	1
ASPFUUNAM52	actin	1
ASPFUUNAM52	calmodulin	1
ASPFUUNAM53	calmodulin	1
ASPFUUNAM53	actin	1
ASPFUUNAM53	rpb2	1
ASPFUUNAM54	calmodulin	1
ASPFUUNAM54	rpb2	1
ASPFUUNAM54	actin	1
ASPFUUNAM55	calmodulin	1
ASPFUUNAM55	rpb2	1
ASPFUUNAM55	actin	1
ASPFUUNAM56	calmodulin	1
ASPFUUNAM56	rpb2	1
ASPFUUNAM56	actin	1
ASPFUUNAM57	calmodulin	1
ASPFUUNAM57	rpb2	1
ASPFUUNAM57	actin	1
ASPFUUNAM58	calmodulin	1
ASPFUUNAM58	actin	1
ASPFUUNAM58	rpb2	1
ASPFUUNAM59	calmodulin	1
ASPFUUNAM59	actin	1
ASPFUUNAM59	rpb2	1
ASPFUUNAM6	calmodulin	1
ASPFUUNAM6	rpb2	1
ASPFUUNAM6	actin	1
ASPFUUNAM60	calmodulin	1
ASPFUUNAM60	rpb2	1
ASPFUUNAM60	actin	1
ASPFUUNAM61	actin	1
ASPFUUNAM61	rpb2	1
ASPFUUNAM61	calmodulin	1
ASPFUUNAM62	calmodulin	1
ASPFUUNAM62	actin	1
ASPFUUNAM62	rpb2	1
ASPFUUNAM63	calmodulin	1
ASPFUUNAM63	rpb2	1
ASPFUUNAM63	actin	1
ASPFUUNAM64	calmodulin	1
ASPFUUNAM64	actin	1
ASPFUUNAM64	rpb2	1
ASPFUUNAM65	actin	1
ASPFUUNAM65	rpb2	1
ASPFUUNAM65	calmodulin	1
ASPFUUNAM66	calmodulin	1
ASPFUUNAM66	actin	1
ASPFUUNAM66	rpb2	1
ASPFUUNAM67	calmodulin	1
ASPFUUNAM67	actin	1
ASPFUUNAM67	rpb2	1
ASPFUUNAM68	rpb2	1
ASPFUUNAM68	actin	1
ASPFUUNAM68	calmodulin	1
ASPFUUNAM69	actin	1
ASPFUUNAM69	rpb2	1
ASPFUUNAM69	calmodulin	1
ASPFUUNAM7	calmodulin	1
ASPFUUNAM7	rpb2	1
ASPFUUNAM7	actin	1
ASPFUUNAM70	calmodulin	1
ASPFUUNAM70	actin	1
ASPFUUNAM70	rpb2	1
ASPFUUNAM71	rpb2	1
ASPFUUNAM71	actin	1
ASPFUUNAM71	calmodulin	1
ASPFUUNAM72	calmodulin	1
ASPFUUNAM72	rpb2	1
ASPFUUNAM72	actin	1
ASPFUUNAM73	rpb2	1
ASPFUUNAM73	actin	1
ASPFUUNAM73	calmodulin	1
ASPFUUNAM74	calmodulin	1
ASPFUUNAM74	actin	1
ASPFUUNAM74	rpb2	1
ASPFUUNAM75	actin	1
ASPFUUNAM75	rpb2	1
ASPFUUNAM75	calmodulin	1
ASPFUUNAM76	rpb2	1
ASPFUUNAM76	actin	1
ASPFUUNAM76	calmodulin	1
ASPFUUNAM77	actin	1
ASPFUUNAM77	rpb2	1
ASPFUUNAM77	calmodulin	1
ASPFUUNAM78	calmodulin	1
ASPFUUNAM78	actin	1
ASPFUUNAM78	rpb2	1
ASPFUUNAM79	rpb2	1
ASPFUUNAM79	actin	1
ASPFUUNAM79	calmodulin	1
ASPFUUNAM8	actin	1
ASPFUUNAM8	rpb2	1
ASPFUUNAM8	calmodulin	1
ASPFUUNAM80	calmodulin	1
ASPFUUNAM80	actin	1
ASPFUUNAM80	rpb2	1
ASPFUUNAM81	actin	1
ASPFUUNAM81	rpb2	1
ASPFUUNAM81	calmodulin	1
ASPFUUNAM82	rpb2	1
ASPFUUNAM82	actin	1
ASPFUUNAM82	calmodulin	1
ASPFUUNAM83	calmodulin	1
ASPFUUNAM83	rpb2	1
ASPFUUNAM83	actin	1
ASPFUUNAM84	calmodulin	1
ASPFUUNAM84	rpb2	1
ASPFUUNAM84	actin	1
ASPFUUNAM85	calmodulin	1
ASPFUUNAM85	actin	1
ASPFUUNAM85	rpb2	1
ASPFUUNAM86	rpb2	1
ASPFUUNAM86	actin	1
ASPFUUNAM86	calmodulin	1
ASPFUUNAM87	calmodulin	1
ASPFUUNAM87	actin	1
ASPFUUNAM87	rpb2	1
ASPFUUNAM88	rpb2	1
ASPFUUNAM88	actin	1
ASPFUUNAM88	calmodulin	1
ASPFUUNAM89	actin	1
ASPFUUNAM89	rpb2	1
ASPFUUNAM89	calmodulin	1
ASPFUUNAM9	rpb2	1
ASPFUUNAM9	actin	1
ASPFUUNAM9	calmodulin	1
ASPFUUNAM90	calmodulin	1
ASPFUUNAM90	actin	1
ASPFUUNAM90	rpb2	1
ASPFUUNAM91	calmodulin	1
ASPFUUNAM91	rpb2	1
ASPFUUNAM91	actin	1
ASPFUUNAM92	actin	1
ASPFUUNAM92	rpb2	1
ASPFUUNAM92	calmodulin	1
ASPFUUNAM93	actin	1
ASPFUUNAM93	rpb2	1
ASPFUUNAM93	calmodulin	1
ASPFUUNAM94	actin	1
ASPFUUNAM94	rpb2	1
ASPFUUNAM94	calmodulin	1
ASPFUUNAM95	calmodulin	1
ASPFUUNAM95	rpb2	1
ASPFUUNAM95	actin	1
ASPFUUNAM96	calmodulin	1
ASPFUUNAM96	actin	1
ASPFUUNAM96	rpb2	1
ASPFUUNAM97	calmodulin	1
ASPFUUNAM97	actin	1
ASPFUUNAM97	rpb2	1
ASPFUUNAM98	actin	1
ASPFUUNAM98	rpb2	1
ASPFUUNAM98	calmodulin	1
ASPFUUNAM99	actin	1
ASPFUUNAM99	rpb2	1
ASPFUUNAM99	calmodulin	1
Af293	actin	1
Af293	rpb2	1
Af293	calmodulin	1
C27M2BV2	calmodulin	1
C27M2BV2	rpb2	1
C27M2BV2	actin	1
C56M2CV2	rpb2	1
C56M2CV2	actin	1
C56M2CV2	calmodulin	1
C79M2BV2	calmodulin	1
C79M2BV2	actin	1
C79M2BV2	rpb2	1
C88M2V2	calmodulin	1
C88M2V2	rpb2	1
C88M2V2	actin	1
C90M2BV2	actin	1
C90M2BV2	rpb2	1
C90M2BV2	calmodulin	1
LT111311A	actin	1
LT111311A	rpb2	1
LT111311A	calmodulin	1
LT115231A	rpb2	1
LT115231A	actin	1
LT115231A	calmodulin	1
LT115231B	rpb2	1
LT115231B	actin	1
LT115231B	calmodulin	1
LT115242G	actin	1
LT115242G	rpb2	1
LT115242G	calmodulin	1
LT120112A	calmodulin	1
LT120112A	rpb2	1
LT120112A	actin	1
LT120121A	rpb2	1
LT120121A	actin	1
LT120121A	calmodulin	1
LT12311	actin	1
LT12311	rpb2	1
LT12311	calmodulin	1
LT12312	actin	1
LT12312	rpb2	1
LT12312	calmodulin	1
LT12421A	calmodulin	1
LT12421A	actin	1
LT12421A	rpb2	1
LT127032A	calmodulin	1
LT127032A	rpb2	1
LT127032A	actin	1
LT127231A	rpb2	1
LT127231A	actin	1
LT127231A	calmodulin	1
LT127322A	calmodulin	1
LT127322A	actin	1
LT127322A	rpb2	1
LT127342A	calmodulin	1
LT127342A	actin	1
LT127342A	rpb2	1
LT12841A	actin	1
LT12841A	rpb2	1
LT12841A	calmodulin	1
LT130042A	rpb2	1
LT130042A	actin	1
LT130042A	calmodulin	1
LT13121A	calmodulin	1
LT13121A	rpb2	1
LT13121A	actin	1
LT132421A	calmodulin	1
LT132421A	rpb2	1
LT132421A	actin	1
LT132421B	rpb2	1
LT132421B	actin	1
LT132421B	calmodulin	1
LT132422A	actin	1
LT132422A	rpb2	1
LT132422A	calmodulin	1
LT132521A	calmodulin	1
LT132521A	rpb2	1
LT132521A	actin	1
LT132521B	rpb2	1
LT132521B	actin	1
LT132521B	calmodulin	1
LT133222A	calmodulin	1
LT133222A	actin	1
LT133222A	rpb2	1
LT13322A	actin	1
LT13322A	rpb2	1
LT13322A	calmodulin	1
LT133231A	actin	1
LT133231A	rpb2	1
LT133231A	calmodulin	1
LT133231AV2	actin	1
LT133231AV2	rpb2	1
LT133231AV2	calmodulin	1
LT13511B	calmodulin	1
LT13511B	rpb2	1
LT13511B	actin	1
LT13512A	rpb2	1
LT13512A	actin	1
LT13512A	calmodulin	1
LT135532A	rpb2	1
LT135532A	actin	1
LT135532A	calmodulin	1
LT13612A	calmodulin	1
LT13612A	actin	1
LT13612A	rpb2	1
LT136631A	rpb2	1
LT136631A	actin	1
LT136631A	calmodulin	1
LT138612A	actin	1
LT138612A	rpb2	1
LT138612A	calmodulin	1
LT138622A	calmodulin	1
LT138622A	actin	1
LT138622A	rpb2	1
LT138632F	rpb2	1
LT138632F	actin	1
LT138632F	calmodulin	1
LT138632FV2	actin	1
LT138632FV2	rpb2	1
LT138632FV2	calmodulin	1
LT138632G	calmodulin	1
LT138632G	rpb2	1
LT138632G	actin	1
LT140512A	actin	1
LT140512A	rpb2	1
LT140512A	calmodulin	1
LT14311A	rpb2	1
LT14311A	actin	1
LT14311A	calmodulin	1
LT14322A	calmodulin	1
LT14322A	actin	1
LT14322A	rpb2	1
LT143412A	rpb2	1
LT143412A	actin	1
LT143412A	calmodulin	1
LT143412B	actin	1
LT143412B	rpb2	1
LT143412B	calmodulin	1
LT14411A	calmodulin	1
LT14411A	rpb2	1
LT14411A	actin	1
LT144912A	rpb2	1
LT144912A	actin	1
LT144912A	calmodulin	1
LT145212A	calmodulin	1
LT145212A	actin	1
LT145212A	rpb2	1
LT145212B	rpb2	1
LT145212B	actin	1
LT145212B	calmodulin	1
LT145622A	actin	1
LT145622A	rpb2	1
LT145622A	calmodulin	1
LT145821A	calmodulin	1
LT145821A	rpb2	1
LT145821A	actin	1
LT145822A	calmodulin	1
LT145822A	rpb2	1
LT145822A	actin	1
LT146412B	calmodulin	1
LT146412B	rpb2	1
LT146412B	actin	1
LT14821A	calmodulin	1
LT14821A	rpb2	1
LT14821A	actin	1
LT14822A	calmodulin	1
LT14822A	rpb2	1
LT14822A	actin	1
LT148611A	calmodulin	1
LT148611A	rpb2	1
LT148611A	actin	1
LT149931A	calmodulin	1
LT149931A	actin	1
LT149931A	rpb2	1
LT149931E	calmodulin	1
LT149931E	rpb2	1
LT149931E	actin	1
LT150031A	calmodulin	1
LT150031A	actin	1
LT150031A	rpb2	1
LT15612A	calmodulin	1
LT15612A	rpb2	1
LT15612A	actin	1
LT16021A	calmodulin	1
LT16021A	actin	1
LT16021A	rpb2	1
LT16912A	actin	1
LT16912A	rpb2	1
LT16912A	calmodulin	1
LT16912B	rpb2	1
LT16912B	actin	1
LT16912B	calmodulin	1
LT181321	actin	1
LT181321	rpb2	1
LT181321	calmodulin	1
LT19511A	calmodulin	1
LT19511A	rpb2	1
LT19511A	actin	1
LT19541A	actin	1
LT19541A	rpb2	1
LT19541A	calmodulin	1
LT202411	rpb2	1
LT202411	actin	1
LT202411	calmodulin	1
LT205412	actin	1
LT205412	rpb2	1
LT205412	calmodulin	1
LT20711A	calmodulin	1
LT20711A	actin	1
LT20711A	rpb2	1
LT21212A	rpb2	1
LT21212A	actin	1
LT21212A	calmodulin	1
LT21231A	rpb2	1
LT21231A	actin	1
LT21231A	calmodulin	1
LT23041A	calmodulin	1
LT23041A	actin	1
LT23041A	rpb2	1
LT26612B	calmodulin	1
LT26612B	rpb2	1
LT26612B	actin	1
LT26622A	calmodulin	1
LT26622A	actin	1
LT26622A	rpb2	1
LT26622B	calmodulin	1
LT26622B	actin	1
LT26622B	rpb2	1
LT27521A	calmodulin	1
LT27521A	actin	1
LT27521A	rpb2	1
LT27721A	rpb2	1
LT27721A	actin	1
LT27721A	calmodulin	1
LT29121A	calmodulin	1
LT29121A	actin	1
LT29121A	rpb2	1
LT29411B	calmodulin	1
LT29411B	rpb2	1
LT29411B	actin	1
LT29412A	actin	1
LT29412A	rpb2	1
LT29412A	calmodulin	1
LT29412AV2	actin	1
LT29412AV2	rpb2	1
LT29412AV2	calmodulin	1
LT29732B	actin	1
LT29732B	rpb2	1
LT29732B	calmodulin	1
LT30821A	calmodulin	1
LT30821A	actin	1
LT30821A	rpb2	1
LT31321A	calmodulin	1
LT31321A	actin	1
LT31321A	rpb2	1
LT32911A	calmodulin	1
LT32911A	actin	1
LT32911A	rpb2	1
LT32911D	rpb2	1
LT32911D	actin	1
LT32911D	calmodulin	1
LT33411B	actin	1
LT33411B	rpb2	1
LT33411B	calmodulin	1
LT33411BV2	actin	1
LT33411BV2	rpb2	1
LT33411BV2	calmodulin	1
LT33411D	rpb2	1
LT33411D	actin	1
LT33411D	calmodulin	1
LT33622A	actin	1
LT33622A	rpb2	1
LT33622A	calmodulin	1
LT33741A	calmodulin	1
LT33741A	actin	1
LT33741A	rpb2	1
LT34012A	calmodulin	1
LT34012A	actin	1
LT34012A	rpb2	1
LT34013A	rpb2	1
LT34013A	actin	1
LT34013A	calmodulin	1
LT34121A	calmodulin	1
LT34121A	rpb2	1
LT34121A	actin	1
LT34411A	rpb2	1
LT34411A	actin	1
LT34411A	calmodulin	1
LT34511A	calmodulin	1
LT34511A	actin	1
LT34511A	rpb2	1
LT36221B	actin	1
LT36221B	rpb2	1
LT36221B	calmodulin	1
LT36742A	rpb2	1
LT36742A	actin	1
LT36742A	calmodulin	1
LT36814A	actin	1
LT36814A	rpb2	1
LT36814A	calmodulin	1
LT36814B	calmodulin	1
LT36814B	rpb2	1
LT36814B	actin	1
LT36823A	actin	1
LT36823A	rpb2	1
LT36823A	calmodulin	1
LT3711C	calmodulin	1
LT3711C	rpb2	1
LT3711C	actin	1
LT3711CV2	calmodulin	1
LT3711CV2	rpb2	1
LT3711CV2	actin	1
LT3711G	rpb2	1
LT3711G	actin	1
LT3711G	calmodulin	1
LT37521A	rpb2	1
LT37521A	actin	1
LT37521A	calmodulin	1
LT37522A	rpb2	1
LT37522A	actin	1
LT37522A	calmodulin	1
LT37811A	calmodulin	1
LT37811A	actin	1
LT37811A	rpb2	1
LT39112A	calmodulin	1
LT39112A	actin	1
LT39112A	rpb2	1
LT39221A	rpb2	1
LT39221A	actin	1
LT39221A	calmodulin	1
LT39221B	calmodulin	1
LT39221B	actin	1
LT39221B	rpb2	1
LT39221C	calmodulin	1
LT39221C	rpb2	1
LT39221C	actin	1
LT39221D	actin	1
LT39221D	rpb2	1
LT39221D	calmodulin	1
LT39321U	rpb2	1
LT39321U	actin	1
LT39321U	calmodulin	1
LT39321W	rpb2	1
LT39321W	actin	1
LT39321W	calmodulin	1
LT39322B	calmodulin	1
LT39322B	rpb2	1
LT39322B	actin	1
LT39322I	rpb2	1
LT39322I	actin	1
LT39322I	calmodulin	1
LT39322M	actin	1
LT39322M	rpb2	1
LT39322M	calmodulin	1
LT39322N	actin	1
LT39322N	rpb2	1
LT39322N	calmodulin	1
LT39322W	calmodulin	1
LT39322W	rpb2	1
LT39322W	actin	1
LT40412A	actin	1
LT40412A	rpb2	1
LT40412A	calmodulin	1
LT40811A	rpb2	1
LT40811A	actin	1
LT40811A	calmodulin	1
LT4141A	calmodulin	1
LT4141A	actin	1
LT4141A	rpb2	1
LT42312A	rpb2	1
LT42312A	actin	1
LT42312A	calmodulin	1
LT4241A	calmodulin	1
LT4241A	rpb2	1
LT4241A	actin	1
LT4241E	rpb2	1
LT4241E	actin	1
LT4241E	calmodulin	1
LT4241EV2	calmodulin	1
LT4241EV2	rpb2	1
LT4241EV2	actin	1
LT4241F	rpb2	1
LT4241F	actin	1
LT4241F	calmodulin	1
LT4242A	rpb2	1
LT4242A	actin	1
LT4242A	calmodulin	1
LT4242D	calmodulin	1
LT4242D	rpb2	1
LT4242D	actin	1
LT4322A	calmodulin	1
LT4322A	rpb2	1
LT4322A	actin	1
LT4422A	actin	1
LT4422A	rpb2	1
LT4422A	calmodulin	1
LT4422D	calmodulin	1
LT4422D	rpb2	1
LT4422D	actin	1
LT46921A	actin	1
LT46921A	rpb2	1
LT46921A	calmodulin	1
LT47442A	actin	1
LT47442A	rpb2	1
LT47442A	calmodulin	1
LT47611A	calmodulin	1
LT47611A	actin	1
LT47611A	rpb2	1
LT4941A	calmodulin	1
LT4941A	actin	1
LT4941A	rpb2	1
LT49521A	rpb2	1
LT49521A	actin	1
LT49521A	calmodulin	1
LT49612A	calmodulin	1
LT49612A	rpb2	1
LT49612A	actin	1
LT54221A	actin	1
LT54221A	rpb2	1
LT54221A	calmodulin	1
LT54911A	actin	1
LT54911A	rpb2	1
LT54911A	calmodulin	1
LT55212A	calmodulin	1
LT55212A	actin	1
LT55212A	rpb2	1
LT61722A	actin	1
LT61722A	rpb2	1
LT61722A	calmodulin	1
LT62421A	calmodulin	1
LT62421A	actin	1
LT62421A	rpb2	1
LT62711A	actin	1
LT62711A	rpb2	1
LT62711A	calmodulin	1
LT62912A	calmodulin	1
LT62912A	actin	1
LT62912A	rpb2	1
LT63911A	calmodulin	1
LT63911A	actin	1
LT63911A	rpb2	1
LT63911AV2	actin	1
LT63911AV2	rpb2	1
LT63911AV2	calmodulin	1
LT65711A	calmodulin	1
LT65711A	actin	1
LT65711A	rpb2	1
LT65812A	calmodulin	1
LT65812A	rpb2	1
LT65812A	actin	1
LT65912B	rpb2	1
LT65912B	actin	1
LT65912B	calmodulin	1
LT66312A	calmodulin	1
LT66312A	actin	1
LT66312A	rpb2	1
LT6912A	rpb2	1
LT6912A	actin	1
LT6912A	calmodulin	1
LT70131A	rpb2	1
LT70131A	actin	1
LT70131A	calmodulin	1
LT70432A	rpb2	1
LT70432A	actin	1
LT70432A	calmodulin	1
LT70722B	actin	1
LT70722B	rpb2	1
LT70722B	calmodulin	1
LT70931A	calmodulin	1
LT70931A	rpb2	1
LT70931A	actin	1
LT71141A	calmodulin	1
LT71141A	actin	1
LT71141A	rpb2	1
LT73611A	rpb2	1
LT73611A	actin	1
LT73611A	calmodulin	1
LT752411	calmodulin	1
LT752411	actin	1
LT752411	rpb2	1
LT752422	actin	1
LT752422	rpb2	1
LT752422	calmodulin	1
LT752423	calmodulin	1
LT752423	rpb2	1
LT752423	actin	1
LT752424	calmodulin	1
LT752424	rpb2	1
LT752424	actin	1
LT753414	calmodulin	1
LT753414	rpb2	1
LT753414	actin	1
LT76541B	calmodulin	1
LT76541B	actin	1
LT76541B	rpb2	1
LT79641A	calmodulin	1
LT79641A	rpb2	1
LT79641A	actin	1
LT79641AV2	calmodulin	1
LT79641AV2	actin	1
LT79641AV2	rpb2	1
LT79642A	rpb2	1
LT79642A	actin	1
LT79642A	calmodulin	1
LT80512A	rpb2	1
LT80512A	actin	1
LT80512A	calmodulin	1
LT80512B	rpb2	1
LT80512B	actin	1
LT80512B	calmodulin	1
LT806322	rpb2	1
LT806322	actin	1
LT806322	calmodulin	1
LT81011A	calmodulin	1
LT81011A	actin	1
LT81011A	rpb2	1
LT81212A	calmodulin	1
LT81212A	actin	1
LT81212A	rpb2	1
LT81732A	calmodulin	1
LT81732A	actin	1
LT81732A	rpb2	1
LT81732C	calmodulin	1
LT81732C	actin	1
LT81732C	rpb2	1
LT81742A	calmodulin	1
LT81742A	rpb2	1
LT81742A	actin	1
LT81942A	calmodulin	1
LT81942A	actin	1
LT81942A	rpb2	1
LT81942B	calmodulin	1
LT81942B	actin	1
LT81942B	rpb2	1
LT82241A	calmodulin	1
LT82241A	actin	1
LT82241A	rpb2	1
LT83111A	actin	1
LT83111A	rpb2	1
LT83111A	calmodulin	1
LT83122A	actin	1
LT83122A	rpb2	1
LT83122A	calmodulin	1
LT83331A	calmodulin	1
LT83331A	actin	1
LT83331A	rpb2	1
LT83512A	actin	1
LT83512A	rpb2	1
LT83512A	calmodulin	1
LT83711A	calmodulin	1
LT83711A	actin	1
LT83711A	rpb2	1
LT85011A	actin	1
LT85011A	rpb2	1
LT85011A	calmodulin	1
LT85011AV2	rpb2	1
LT85011AV2	actin	1
LT85011AV2	calmodulin	1
LT85112A	calmodulin	1
LT85112A	rpb2	1
LT85112A	actin	1
LT85622D	rpb2	1
LT85622D	actin	1
LT85622D	calmodulin	1
LT86111A	actin	1
LT86111A	rpb2	1
LT86111A	calmodulin	1
LT97521A	rpb2	1
LT97521A	actin	1
LT97521A	calmodulin	1
LT97522A	rpb2	1
LT97522A	actin	1
LT97522A	calmodulin	1
LT97531B	calmodulin	1
LT97531B	rpb2	1
LT97531B	actin	1
LT97531C	rpb2	1
LT97531C	actin	1
LT97531C	calmodulin	1
MHA1	rpb2	1
MHA1	actin	1
MHA1	calmodulin	1
MHA13	actin	1
MHA13	rpb2	1
MHA13	calmodulin	1
MHA2	calmodulin	1
MHA2	actin	1
MHA2	rpb2	1
MHA38	calmodulin	1
MHA38	actin	1
MHA38	rpb2	1
MHA4	actin	1
MHA4	rpb2	1
MHA4	calmodulin	1
MHA43	calmodulin	1
MHA43	rpb2	1
MHA43	actin	1
MHA52	calmodulin	1
MHA52	actin	1
MHA52	rpb2	1
MHA53	rpb2	1
MHA53	actin	1
MHA53	calmodulin	1
MHA54	calmodulin	1
MHA54	actin	1
MHA54	rpb2	1
MHA56	calmodulin	1
MHA56	actin	1
MHA56	rpb2	1
MHA57	rpb2	1
MHA57	actin	1
MHA57	calmodulin	1
MHA58	calmodulin	1
MHA58	actin	1
MHA58	rpb2	1
MHA59	calmodulin	1
MHA59	actin	1
MHA59	rpb2	1
MHA66	calmodulin	1
MHA66	actin	1
MHA66	rpb2	1
MHA67	calmodulin	1
MHA67	actin	1
MHA67	rpb2	1
MHA69	actin	1
MHA69	rpb2	1
MHA69	calmodulin	1
MHA71	calmodulin	1
MHA71	actin	1
MHA71	rpb2	1
MHA73	rpb2	1
MHA73	actin	1
MHA73	calmodulin	1
MHA74	calmodulin	1
MHA74	actin	1
MHA74	rpb2	1
MHA77	rpb2	1
MHA77	actin	1
MHA77	calmodulin	1
MHA78	rpb2	1
MHA78	actin	1
MHA78	calmodulin	1
MHA79	actin	1
MHA79	rpb2	1
MHA79	calmodulin	1
MHA80	calmodulin	1
MHA80	rpb2	1
MHA80	actin	1
MHA81	actin	1
MHA81	rpb2	1
MHA81	calmodulin	1
N42M2CV2	calmodulin	1
N42M2CV2	rpb2	1
N42M2CV2	actin	1
N42M2DV2	calmodulin	1
N42M2DV2	rpb2	1
N42M2DV2	actin	1
N77M1AV2	calmodulin	1
N77M1AV2	actin	1
N77M1AV2	rpb2	1
N79M1BV2	calmodulin	1
N79M1BV2	rpb2	1
N79M1BV2	actin	1
TG2002796	calmodulin	1
TG2002796	actin	1
TG2002796	rpb2	1
TG2002797	calmodulin	1
TG2002797	actin	1
TG2002797	rpb2	1
TG2002798	rpb2	1
TG2002798	actin	1
TG2002798	calmodulin	1
TG2002799	calmodulin	1
TG2002799	actin	1
TG2002799	rpb2	1
TG2002800	calmodulin	1
TG2002800	actin	1
TG2002800	rpb2	1
TG2002801	actin	1
TG2002801	rpb2	1
TG2002801	calmodulin	1
TG2002802	rpb2	1
TG2002802	actin	1
TG2002802	calmodulin	1
TG2002803	calmodulin	1
TG2002803	actin	1
TG2002803	rpb2	1
TG2002804	calmodulin	1
TG2002804	rpb2	1
TG2002804	actin	1
TG2002805	rpb2	1
TG2002805	actin	1
TG2002805	calmodulin	1
TG2002806	actin	1
TG2002806	rpb2	1
TG2002806	calmodulin	1
TG2002807	rpb2	1
TG2002807	actin	1
TG2002807	calmodulin	1
TG2002808	rpb2	1
TG2002808	actin	1
TG2002808	calmodulin	1
TG2002809	actin	1
TG2002809	rpb2	1
TG2002809	calmodulin	1
TG2002810	calmodulin	1
TG2002810	rpb2	1
TG2002810	actin	1
TG2002811	actin	1
TG2002811	rpb2	1
TG2002811	calmodulin	1
TG2002812	calmodulin	1
TG2002812	actin	1
TG2002812	rpb2	1
TG2002813	calmodulin	1
TG2002813	rpb2	1
TG2002813	actin	1
TG2002814	actin	1
TG2002814	rpb2	1
TG2002814	calmodulin	1
TG2002815	calmodulin	1
TG2002815	actin	1
TG2002815	rpb2	1
TG2002816	calmodulin	1
TG2002816	rpb2	1
TG2002816	actin	1
TG2002817	calmodulin	1
TG2002817	rpb2	1
TG2002817	actin	1
TG2002818	calmodulin	1
TG2002818	actin	1
TG2002818	rpb2	1
TG2002819	calmodulin	1
TG2002819	actin	1
TG2002819	rpb2	1
TG2002820	actin	1
TG2002820	rpb2	1
TG2002820	calmodulin	1
TG2002821	rpb2	1
TG2002821	actin	1
TG2002821	calmodulin	1
TG2002822	actin	1
TG2002822	rpb2	1
TG2002822	calmodulin	1
TG2002823	calmodulin	1
TG2002823	actin	1
TG2002823	rpb2	1
TG2002824	rpb2	1
TG2002824	actin	1
TG2002824	calmodulin	1
TG2002825	actin	1
TG2002825	rpb2	1
TG2002825	calmodulin	1
TG2002826	rpb2	1
TG2002826	actin	1
TG2002826	calmodulin	1
TG2002827	calmodulin	1
TG2002827	rpb2	1
TG2002827	actin	1
TG2002828	calmodulin	1
TG2002828	rpb2	1
TG2002828	actin	1
TG2002829	calmodulin	1
TG2002829	actin	1
TG2002829	rpb2	1
TG2002830	calmodulin	1
TG2002830	rpb2	1
TG2002830	actin	1
TG2002831	rpb2	1
TG2002831	actin	1
TG2002831	calmodulin	1
TG2002832	actin	1
TG2002832	rpb2	1
TG2002832	calmodulin	1
TG2002833	actin	1
TG2002833	rpb2	1
TG2002833	calmodulin	1
TG2002834	actin	1
TG2002834	rpb2	1
TG2002834	calmodulin	1
TG2002835	actin	1
TG2002835	rpb2	1
TG2002835	calmodulin	1
TG2002836	calmodulin	1
TG2002836	rpb2	1
TG2002836	actin	1
TG2002837	calmodulin	1
TG2002837	rpb2	1
TG2002837	actin	1
TG2002838	calmodulin	1
TG2002838	rpb2	1
TG2002838	actin	1
TG2002839	calmodulin	1
TG2002839	rpb2	1
TG2002839	actin	1
TG2002840	calmodulin	1
TG2002840	actin	1
TG2002840	rpb2	1
TG2002841	actin	1
TG2002841	rpb2	1
TG2002841	calmodulin	1
TG2002842	actin	1
TG2002842	rpb2	1
TG2002842	calmodulin	1
TG2002843	actin	1
TG2002843	rpb2	1
TG2002843	calmodulin	1
TG2002844	actin	1
TG2002844	rpb2	1
TG2002844	calmodulin	1
TG2002845	rpb2	1
TG2002845	actin	1
TG2002845	calmodulin	1
TG2002846	rpb2	1
TG2002846	actin	1
TG2002846	calmodulin	1
TG2002847	calmodulin	1
TG2002847	rpb2	1
TG2002847	actin	1
TG2002848	rpb2	1
TG2002848	actin	1
TG2002848	calmodulin	1
TG2002849	rpb2	1
TG2002849	actin	1
TG2002849	calmodulin	1
TG2002850	calmodulin	1
TG2002850	actin	1
TG2002850	rpb2	1
TG2002851	rpb2	1
TG2002851	actin	1
TG2002851	calmodulin	1
TG2002852	rpb2	1
TG2002852	actin	1
TG2002852	calmodulin	1
TG2002853	calmodulin	1
TG2002853	actin	1
TG2002853	rpb2	1
TG2002854	calmodulin	1
TG2002854	rpb2	1
TG2002854	actin	1
TG2002855	rpb2	1
TG2002855	actin	1
TG2002855	calmodulin	1
TG2002856	calmodulin	1
TG2002856	actin	1
TG2002856	rpb2	1
TG2002857	actin	1
TG2002857	rpb2	1
TG2002857	calmodulin	1
TG2002858	calmodulin	1
TG2002858	rpb2	1
TG2002858	actin	1
UMUNAM04V2	rpb2	1
UMUNAM04V2	actin	1
UMUNAM04V2	calmodulin	1
UNAM33V2	calmodulin	1
UNAM33V2	actin	1
UNAM33V2	rpb2	1
